{"cameraMode":{"drawMode":0,"name":"Shaded","section":"Shading Mode"},"sceneLighting":true,"audioPlay":false,"sceneViewState":{"m_AlwaysRefresh":false,"showFog":true,"showSkybox":true,"showFlares":true,"showImageEffects":true,"showParticleSystems":true,"showVisualEffectGraphs":true,"m_FxEnabled":true},"in2DMode":false,"pivot":{"x":-12.584517478942871,"y":3.8791964054107668,"z":-0.13189490139484406},"rotation":{"x":0.03715122491121292,"y":-0.9427168965339661,"z":0.312713623046875,"w":0.11152536422014237},"size":0.7933651804924011,"orthographic":false}